name_month,x_UTM,y_UTM,N_indi
mastegatatxes_3,479282.66344384727,4619605.404129635,1
mastegatatxes_3,404408.5657404141,4594299.976433642,1
mastegatatxes_3,439362.2391757839,4642639.092284721,1
mastegatatxes_3,383408.78524507326,4594299.969989313,1
mastegatatxes_3,427750.5840494834,4597364.269495124,1
mastegatatxes_3,421559.9988936276,4570311.900325743,1
mastegatatxes_4,486226.5053161667,4635881.887048815,1
mastegatatxes_4,437024.73372951243,4604982.894109456,1
mastegatatxes_4,421660.3905801407,4570531.231106391,1
mastegatatxes_4,508667.38206375006,4676561.771344602,1
mastegatatxes_4,502570.3930346912,4628580.34830048,1
mastegatatxes_4,502291.0397012813,4629515.482105752,1
mastegatatxes_4,437408.2184012554,4605299.868842844,1
mastegatatxes_4,425408.3442724885,4602299.896990385,1
mastegatatxes_4,444408.14672393876,4597299.9529614,2
mastegatatxes_4,444270.9496911889,4593813.34835532,1
mastegatatxes_4,442588.76846200274,4594426.411530892,1
mastegatatxes_4,442584.7546592225,4594394.023531149,1
mastegatatxes_4,426095.6537238362,4573896.020852263,1
mastegatatxes_4,426192.6110082387,4573746.994910934,1
mastegatatxes_4,426511.3390707285,4572743.208064836,5
mastegatatxes_4,421660.3905801407,4570531.231106391,3
mastegatatxes_4,421614.0947388449,4570233.2631179625,1
mastegatatxes_4,421570.28483597335,4570263.824525556,1
mastegatatxes_4,411408.48460067523,4624299.663964975,1
mastegatatxes_4,333409.2939388283,4623299.646041909,2
mastegatatxes_4,404119.5510779262,4657556.317942835,1
mastegatatxes_4,496606.64607612573,4679034.931753272,1
mastegatatxes_4,430408.28841989365,4622299.689626726,1
mastegatatxes_4,436417.6995241095,4610764.418840504,1
mastegatatxes_4,437428.8687448364,4605657.4864425585,1
mastegatatxes_4,437090.3657143938,4605475.488079345,1
mastegatatxes_4,437408.2184012554,4605299.868842844,1
mastegatatxes_4,431209.72075002093,4601654.262822262,1
mastegatatxes_4,430408.291791445,4605299.866869966,1
mastegatatxes_4,444023.2497286012,4595305.688732871,1
mastegatatxes_4,472407.85289958597,4614299.778688271,1
mastegatatxes_4,427211.09310335625,4581574.2960641105,1
mastegatatxes_4,420254.91527661844,4573592.256271751,1
mastegatatxes_4,383810.5055505599,4571446.832748898,1
mastegatatxes_4,383408.7855943801,4593299.980264379,1
mastegatatxes_4,329354.33885508205,4616517.714011036,1
mastegatatxes_4,438001.203049138,4655384.348175869,3
mastegatatxes_4,483656.11028756324,4648256.708104169,1
mastegatatxes_4,431408.2830684002,4597299.951469907,1
mastegatatxes_4,436004.9075868212,4599067.754833133,1
mastegatatxes_4,400816.47306778835,4618433.882164901,1
mastegatatxes_4,406623.9836508841,4652013.471949309,1
mastegatatxes_4,438408.19900110847,4656299.338791194,1
mastegatatxes_4,508383.48034930497,4673485.166740952,1
mastegatatxes_4,516627.1555053261,4679919.8445188785,1
mastegatatxes_4,439362.2391757839,4642639.092284721,1
mastegatatxes_4,441210.1715324958,4649884.405307642,2
mastegatatxes_4,437090.3657143938,4605475.488079345,1
mastegatatxes_4,437408.2184012554,4605299.868842844,4
mastegatatxes_4,374720.72163856216,4563917.822969503,1
mastegatatxes_4,440941.8851658422,4606456.891700859,1
mastegatatxes_4,426231.40730292164,4582152.80521182,1
mastegatatxes_4,404408.5657404141,4594299.976433642,2
mastegatatxes_4,472106.62119208963,4672916.78860179,1
mastegatatxes_4,441210.1715324958,4649884.405307642,1
mastegatatxes_4,429027.2665997627,4579884.422965224,3
mastegatatxes_4,438001.203049138,4655384.348175869,1
mastegatatxes_4,429408.3075795907,4579300.139830291,1
mastegatatxes_4,438408.19900110847,4656299.338791194,1
mastegatatxes_4,447447.5257451773,4598805.463703606,1
mastegatatxes_4,479481.7667563305,4612452.665748401,1
mastegatatxes_4,426714.33249681845,4572937.673696586,2
mastegatatxes_4,421582.80498333625,4570873.354216833,1
mastegatatxes_4,407909.1067036399,4646925.408484382,1
mastegatatxes_4,390408.6971634413,4641299.482329372,1
mastegatatxes_4,407328.5648435517,4656021.750307003,1
mastegatatxes_4,512407.4395512735,4691298.984840412,1
mastegatatxes_4,515407.40900305705,4679299.107558881,1
mastegatatxes_4,438854.8061866539,4643409.680342402,1
mastegatatxes_4,441210.1715324958,4649884.405307642,1
mastegatatxes_4,434416.2406864139,4642274.136986455,1
mastegatatxes_4,445408.13536148955,4606299.859754681,2
mastegatatxes_4,429408.3075795907,4579300.139830291,1
mastegatatxes_4,421091.6576568885,4571017.187886013,1
mastegatatxes_4,308775.8126215574,4501709.972858089,1
mastegatatxes_4,345538.5792389539,4551522.715379163,1
mastegatatxes_4,345985.18609167513,4556461.243172057,1
mastegatatxes_4,439408.18958945625,4652299.380054548,1
mastegatatxes_4,440408.1779477911,4657299.32904292,1
mastegatatxes_4,456626.4796846636,4669284.161726526,1
mastegatatxes_4,433408.24719410646,4671299.183294816,1
mastegatatxes_4,506407.50041139364,4675299.14836534,1
mastegatatxes_4,419664.16538234154,4569689.392746904,2
mastegatatxes_4,311527.5875114489,4502643.910946125,2
mastegatatxes_4,304990.05222638557,4503008.789736921,1
mastegatatxes_4,340409.2512973795,4559300.320993684,1
mastegatatxes_4,357023.06558160065,4577898.148194129,1
mastegatatxes_4,423151.3472368101,4655223.150191485,1
mastegatatxes_4,440408.17835338635,4658299.318573871,1
mastegatatxes_4,430408.2772939004,4675299.141808877,1
mastegatatxes_4,475115.9432662358,4671519.812351,1
mastegatatxes_4,435540.0222365272,4645993.076672404,1
mastegatatxes_4,428385.27925786364,4607946.147151118,1
mastegatatxes_4,447454.7737401974,4598815.625304924,1
mastegatatxes_4,446408.1241607286,4607299.849471132,2
mastegatatxes_4,465302.0673695136,4619443.37255717,1
mastegatatxes_4,432693.88668090175,4589647.6042483235,3
mastegatatxes_4,291061.6779030661,4568522.912309804,1
mastegatatxes_4,404408.5657404141,4594299.976433642,1
mastegatatxes_4,383408.78524507326,4594299.969989313,1
mastegatatxes_4,377408.8284025224,4648299.4054426225,2
mastegatatxes_4,377496.4612618833,4648229.183520033,2
mastegatatxes_4,291699.86114449793,4600836.301653824,2
mastegatatxes_4,311911.65554437117,4620127.208056132,1
mastegatatxes_4,290560.8797824001,4599499.57720069,1
mastegatatxes_4,332956.75115172885,4678975.741010197,1
mastegatatxes_4,332958.14172151714,4679075.922981717,1
mastegatatxes_4,332844.0962224429,4678990.751973518,1
mastegatatxes_4,332716.22848908964,4679122.67425411,2
mastegatatxes_4,333016.1135257976,4679118.542130295,1
mastegatatxes_4,333056.4939922743,4679157.3576728385,4
mastegatatxes_4,333432.8186976571,4679689.609833812,1
mastegatatxes_4,339090.7859096,4688069.95148583,1
mastegatatxes_4,374275.2953323523,4690623.215296171,2
mastegatatxes_4,407328.5648435517,4656021.750307003,4
mastegatatxes_4,437836.54962343664,4654538.659062294,1
mastegatatxes_4,448359.53204740095,4654838.434076106,1
mastegatatxes_4,456470.00624733034,4670316.780427816,1
mastegatatxes_4,430408.2772939004,4675299.141808877,3
mastegatatxes_4,429408.2868876911,4679299.100691925,1
mastegatatxes_4,429408.28617617534,4681299.080148569,2
mastegatatxes_4,492279.5790804208,4693995.401401238,1
mastegatatxes_4,478407.78690194356,4671299.189330244,1
mastegatatxes_4,484489.4807230953,4648581.873808589,3
mastegatatxes_4,484786.5140353789,4648609.970509644,1
mastegatatxes_4,493976.1846675522,4631872.731733043,1
mastegatatxes_4,486259.71159141656,4635803.215881107,2
mastegatatxes_4,438072.6528307818,4642898.4200532865,1
mastegatatxes_4,441202.9815930947,4649880.087824862,1
mastegatatxes_4,445408.1347111421,4609299.828041385,1
mastegatatxes_4,441408.17602416384,4611299.806871568,2
mastegatatxes_4,441294.49816190527,4611161.345733698,1
mastegatatxes_4,441329.8117026907,4611049.804504039,1
mastegatatxes_4,418281.28807174286,4601043.51810029,2
mastegatatxes_4,418408.41754580365,4601299.9067977555,1
mastegatatxes_4,445408.13536148955,4606299.859754681,4
mastegatatxes_4,481455.18314531835,4610951.670650198,1
mastegatatxes_4,345538.5792389539,4551522.715379163,1
mastegatatxes_4,388408.7397677497,4574300.182224499,1
mastegatatxes_4,403780.4958734397,4625612.651818501,5
mastegatatxes_4,403408.5678411891,4623299.672147674,2
mastegatatxes_4,359579.31242304895,4632409.115644696,1
mastegatatxes_4,332453.0512065453,4678613.201193211,1
mastegatatxes_4,332499.67342535383,4678691.973380743,1
mastegatatxes_4,348409.09786396945,4715298.708125717,1
mastegatatxes_4,339253.098600224,4687976.124524452,3
mastegatatxes_4,373420.70123488316,4691634.0157127315,1
mastegatatxes_4,374275.2953323523,4690623.215296171,14
mastegatatxes_4,404119.5510779262,4657556.317942835,2
mastegatatxes_4,437408.209372591,4657299.3285210375,3
mastegatatxes_4,437458.2090494239,4656127.340878658,1
mastegatatxes_4,440408.17930185434,4650299.401479536,1
mastegatatxes_4,438408.19900110847,4656299.338791194,6
mastegatatxes_4,430408.2772939004,4675299.141808877,1
mastegatatxes_4,508358.9926235286,4673502.946227889,3
mastegatatxes_4,507884.5055771453,4673986.392439319,0
mastegatatxes_4,500755.060094999,4687451.694251498,1
mastegatatxes_4,508407.4809321268,4691298.985310828,2
mastegatatxes_4,500407.56206727587,4688299.015226192,1
mastegatatxes_4,504619.40690416645,4629001.771606574,1
mastegatatxes_4,440294.18139361445,4645807.447735234,2
mastegatatxes_4,441210.1715324958,4649884.405307642,7
mastegatatxes_4,441284.35383235675,4610900.832416584,1
mastegatatxes_4,430408.293368787,4596299.961425548,1
mastegatatxes_4,457220.3053406418,4602412.043874456,1
mastegatatxes_4,452408.0633607927,4597299.954905266,1
mastegatatxes_4,438998.45655967656,4591490.199477556,1
mastegatatxes_4,423408.3690749716,4585300.07583274,1
mastegatatxes_4,431996.36906021636,4583905.714459685,1
mastegatatxes_4,429070.65253632376,4587396.678254341,1
mastegatatxes_4,429445.30697145406,4579515.137412079,0
mastegatatxes_4,422274.4615877978,4574707.859124563,1
mastegatatxes_4,426016.95834463293,4573837.298305712,1
mastegatatxes_4,426536.3392718851,4572873.20713384,1
mastegatatxes_4,421660.3905801407,4570531.231106391,6
mastegatatxes_4,427003.43323781993,4573102.992513526,3
mastegatatxes_4,291251.47593399044,4498472.898404777,1
mastegatatxes_4,291994.12752257346,4498498.617958423,1
mastegatatxes_4,312321.553705598,4502757.468025932,1
mastegatatxes_4,310338.7460440065,4501923.418597418,1
mastegatatxes_4,310797.97878106334,4502241.108046529,2
mastegatatxes_4,305385.36173391016,4504443.632656369,1
mastegatatxes_4,305642.85992027225,4503966.346081098,0
mastegatatxes_4,305874.4750822061,4503647.742600497,2
mastegatatxes_4,304358.6643649161,4502876.905015216,1
mastegatatxes_4,292419.027297497,4596937.478148389,2
mastegatatxes_4,393408.6899417257,4565300.278501941,2
mastegatatxes_4,414915.2675404691,4569618.359457441,3
mastegatatxes_4,340996.8239135728,4571568.210815427,1
mastegatatxes_4,333409.30026812444,4610299.780853622,1
mastegatatxes_4,401408.5964703687,4595299.964293427,1
mastegatatxes_4,400408.5959026292,4634299.556938308,2
mastegatatxes_4,359579.31242304895,4632409.115644696,1
mastegatatxes_4,351409.10263357195,4633299.5497242585,1
mastegatatxes_4,336224.3137034648,4639018.170085726,1
mastegatatxes_4,329354.33885508205,4616517.714011036,8
mastegatatxes_4,332863.99409983703,4676646.561543938,1
mastegatatxes_4,332848.08562013926,4676526.170925174,2
mastegatatxes_4,355059.0918530201,4718374.637943763,1
mastegatatxes_4,339239.3594817695,4688088.761546062,1
mastegatatxes_4,338769.21615755034,4686863.130311218,1
mastegatatxes_4,408482.33808992995,4676286.083773182,1
mastegatatxes_4,434359.2404388166,4658573.314216239,1
mastegatatxes_4,438624.93801553367,4653075.174421802,0
mastegatatxes_4,438204.4102717329,4656702.481773361,2
mastegatatxes_4,448078.07921803,4679058.949091341,1
mastegatatxes_4,448128.552099563,4679038.815507522,1
mastegatatxes_4,475472.1300025631,4671638.92391659,1
mastegatatxes_4,511175.76355797314,4656225.7544399295,1
mastegatatxes_4,506407.50086717855,4674299.158857959,2
mastegatatxes_4,508508.4792775893,4676645.13459608,1
mastegatatxes_4,504497.23039993556,4627751.674587816,1
mastegatatxes_4,515556.4689418316,4649376.150419097,2
mastegatatxes_4,483201.6754680481,4648113.692373384,1
mastegatatxes_4,494648.18825665256,4628645.017182536,1
mastegatatxes_4,443408.14974021155,4646299.443305514,6
mastegatatxes_4,441210.1715324958,4649884.405307642,2
mastegatatxes_4,428389.1560447246,4625746.8748046,1
mastegatatxes_4,432408.2715278687,4601299.908980772,1
mastegatatxes_4,433408.26121606794,4601299.90998808,1
mastegatatxes_4,445805.518102909,4599868.385645186,1
mastegatatxes_4,480759.9971925223,4615696.229356246,1
mastegatatxes_4,480313.8305747828,4616950.79019762,1
mastegatatxes_4,435948.4823304884,4590026.2650912665,1
mastegatatxes_4,435901.4167350189,4590030.901465475,1
mastegatatxes_4,428197.8821830471,4587586.935528985,1
mastegatatxes_4,425128.6299743819,4579930.2832476515,2
mastegatatxes_4,421062.8203217022,4575140.498189527,2
mastegatatxes_4,426714.33249681845,4572937.673696586,3
mastegatatxes_4,421660.3905801407,4570531.231106391,2
mastegatatxes_4,421408.393803898,4570300.233573591,2
mastegatatxes_4,312299.4572736246,4502743.473785158,1
mastegatatxes_4,311900.67232950113,4503343.094558463,1
mastegatatxes_4,291061.6779030661,4568522.912309804,1
mastegatatxes_4,346769.4589689161,4549607.275944633,3
mastegatatxes_4,345538.5792389539,4551522.715379163,1
mastegatatxes_4,364859.2649482192,4554829.701648912,2
mastegatatxes_4,393408.6899417257,4565300.278501941,7
mastegatatxes_4,390408.7174474939,4578300.140593634,3
mastegatatxes_4,414915.2675404691,4569618.359457441,1
mastegatatxes_4,413140.09796191374,4571183.717549138,2
mastegatatxes_4,357409.06457215676,4577300.138137149,1
mastegatatxes_4,340409.22333125887,4618299.701692625,1
mastegatatxes_4,345932.2857257762,4612687.433944353,1
mastegatatxes_4,404883.8003901105,4598476.725396713,1
mastegatatxes_4,409408.50541023136,4625299.653745099,1
mastegatatxes_4,414384.35309101926,4624169.717215034,1
mastegatatxes_4,344409.14756432944,4694298.919186335,1
mastegatatxes_4,371408.8748363727,4689298.981763643,2
mastegatatxes_4,373408.85413453303,4690298.971935842,1
mastegatatxes_4,404119.5510779262,4657556.317942835,2
mastegatatxes_4,422738.8665261072,4650383.008957276,2
mastegatatxes_4,437734.2063858078,4654719.35523106,7
mastegatatxes_4,443498.1472027776,4652384.37963988,1
mastegatatxes_4,455408.0229947815,4667299.228541592,5
mastegatatxes_4,492407.6434647669,4694298.95450517,1
mastegatatxes_4,504954.41199236363,4664493.25999936,1
mastegatatxes_4,508096.08059949486,4673030.779213107,1
mastegatatxes_4,508267.2971931354,4673557.635021652,1
mastegatatxes_4,508181.98278627236,4673682.61199702,1
mastegatatxes_4,512829.9508705002,4690912.292504331,1
mastegatatxes_4,509369.1305644959,4687805.763827347,4
mastegatatxes_4,504619.40690416645,4629001.771606574,1
mastegatatxes_4,515126.67170752847,4639543.093096529,1
mastegatatxes_4,484975.72072554135,4648442.425039085,1
mastegatatxes_4,484489.4807230953,4648581.873808589,1
mastegatatxes_4,484184.1478727333,4648678.571618647,4
mastegatatxes_4,484397.09928922175,4648449.268775724,1
mastegatatxes_4,483702.83128786256,4648765.829787986,4
mastegatatxes_4,482373.74733777007,4647982.4301473,5
mastegatatxes_4,486177.6699990643,4635945.266984901,2
mastegatatxes_4,494407.6244130065,4632299.592248269,1
mastegatatxes_4,494235.58510478394,4632418.098392916,2
mastegatatxes_4,440828.17744971067,4637265.536122749,1
mastegatatxes_4,435384.33119456004,4641496.431640153,1
mastegatatxes_4,437617.29007741174,4641662.427926136,2
mastegatatxes_4,427717.5491773109,4597539.809681809,1
mastegatatxes_4,429149.4454876217,4600120.527849232,1
mastegatatxes_4,455650.6424704219,4600585.1112056365,1
mastegatatxes_4,473226.6550945502,4617884.615235174,1
mastegatatxes_4,468974.4138324775,4614769.856251751,1
mastegatatxes_4,435370.8218262615,4588576.158893719,2
mastegatatxes_4,432693.88668090175,4589647.6042483235,4
mastegatatxes_4,421229.02865642187,4593037.4050223,1
mastegatatxes_4,428656.54760845914,4583460.41396127,2
mastegatatxes_4,421534.39194098744,4570158.234906453,2
mastegatatxes_4,311905.1067420029,4503361.200541639,2
mastegatatxes_4,318409.51016628265,4510300.832832694,1
mastegatatxes_4,296689.7914302889,4505130.407712855,1
mastegatatxes_4,377408.85322359035,4579300.125009297,1
mastegatatxes_4,385505.61975156923,4568399.1674689045,1
mastegatatxes_4,413408.47766157845,4571300.22095636,1
mastegatatxes_4,414287.3988200086,4570987.229936616,1
mastegatatxes_4,357023.06558160065,4577898.148194129,3
mastegatatxes_4,336881.9839069083,4577720.436257215,1
mastegatatxes_4,338409.2509940395,4604299.846628664,1
mastegatatxes_4,363408.98100017884,4628299.607555989,1
mastegatatxes_4,359716.6844695805,4632902.44084875,1
mastegatatxes_4,329224.706597258,4616577.598125911,1
mastegatatxes_4,304409.60663906176,4602299.849944021,1
mastegatatxes_4,293970.24607438594,4609724.509664138,1
mastegatatxes_4,322409.3695532812,4696298.88827244,1
mastegatatxes_4,335409.2326367786,4707298.783543946,1
mastegatatxes_4,406408.5174347706,4694298.941344792,1
mastegatatxes_4,419408.3939631466,4658299.314381382,2
mastegatatxes_4,435408.2291068617,4659299.307132582,2
mastegatatxes_4,439003.00011400174,4653342.999919283,2
mastegatatxes_4,443408.14179855946,4694298.949841067,1
mastegatatxes_4,443766.92203230865,4694237.08860518,1
mastegatatxes_4,485909.7756170531,4669146.263937678,2
mastegatatxes_4,515947.10374466947,4654932.852946953,1
mastegatatxes_4,508383.48034930497,4673485.166740952,3
mastegatatxes_4,507536.7197140608,4673433.510281473,1
mastegatatxes_4,505407.5108242441,4673299.168871762,2
mastegatatxes_4,502407.5414877508,4689299.005898991,2
mastegatatxes_4,502404.004535315,4689072.9636299,1
mastegatatxes_4,502565.70151984185,4628583.407576697,1
mastegatatxes_4,504619.40690416645,4629001.771606574,1
mastegatatxes_4,468346.4440855341,4646034.0580252465,1
mastegatatxes_4,438631.2803438009,4618189.488193442,1
mastegatatxes_4,430946.9822466443,4607176.056998444,1
mastegatatxes_4,481398.2132680111,4610991.707465743,1
mastegatatxes_4,435711.0028517552,4585888.471047356,1
mastegatatxes_4,426560.03513054125,4573311.0758525925,1
mastegatatxes_4,426228.8800905631,4572873.648572044,2
mastegatatxes_4,426529.3738917903,4572870.269799331,1
mastegatatxes_4,417083.24065150623,4571297.007571893,1
mastegatatxes_4,312342.87139788835,4502777.48065563,1
mastegatatxes_4,296689.7914302889,4505130.407712855,5
mastegatatxes_4,289936.37652963365,4519256.378482602,1
mastegatatxes_4,302013.75041172653,4569458.985979775,1
mastegatatxes_4,346769.4589689161,4549607.275944633,2
mastegatatxes_4,345538.5792389539,4551522.715379163,2
mastegatatxes_4,359579.31242304895,4632409.115644696,1
mastegatatxes_4,312409.4461121324,4743298.407872413,1
mastegatatxes_4,409114.54695910326,4677527.132481591,2
mastegatatxes_4,432408.2574831764,4672299.173069603,2
mastegatatxes_4,448303.99046448193,4679572.199911615,1
mastegatatxes_4,448623.99599125783,4679678.100356185,1
mastegatatxes_4,494024.31005766016,4684605.036010709,1
mastegatatxes_4,493448.7052841657,4684722.469949353,1
mastegatatxes_4,492143.8489614988,4684977.650928292,14
mastegatatxes_4,485827.7632145525,4690646.172997523,1
mastegatatxes_4,459092.985143316,4670755.193198623,1
mastegatatxes_4,507822.4864196053,4674380.158253153,3
mastegatatxes_4,507734.8966853631,4674263.03233313,1
mastegatatxes_4,508057.4838751611,4673909.162662152,2
mastegatatxes_4,507953.9886197056,4673923.070648425,2
mastegatatxes_4,507856.759234976,4674026.676469032,2
mastegatatxes_4,510086.462873385,4679779.10274529,0
mastegatatxes_4,505116.6257970391,4681813.608881945,1
mastegatatxes_4,505407.5113707703,4688299.016151394,1
mastegatatxes_4,508753.0585321195,4688963.875531127,2
mastegatatxes_4,500407.56206727587,4688299.015226192,1
mastegatatxes_4,512407.43967356015,4696298.933796887,1
mastegatatxes_4,502570.3930346912,4628580.34830048,1
mastegatatxes_4,504619.40690416645,4629001.771606574,1
mastegatatxes_4,486407.7066451133,4635299.560749935,1
mastegatatxes_4,478632.58734183887,4627749.3630985925,1
mastegatatxes_4,468346.4440855341,4646034.0580252465,1
mastegatatxes_4,440865.46386377077,4637831.912669966,1
mastegatatxes_4,438408.20130759676,4642299.48360674,1
mastegatatxes_4,417901.6983352967,4633531.9008989455,1
mastegatatxes_4,430408.29174557846,4606299.8561027115,2
mastegatatxes_4,445408.13536148955,4606299.859754681,2
mastegatatxes_4,445230.8609648866,4601686.049247316,1
mastegatatxes_4,432693.88668090175,4589647.6042483235,4
mastegatatxes_4,426094.4183846513,4573906.248066367,1
mastegatatxes_4,426309.69000982726,4573249.587247623,1
mastegatatxes_4,421660.3905801407,4570531.231106391,2
mastegatatxes_4,420254.91527661844,4573592.256271751,2
mastegatatxes_4,426786.178541737,4573105.278388281,1
mastegatatxes_4,311913.58295153006,4503719.899915372,9
mastegatatxes_4,344409.2130713141,4550300.418200287,1
mastegatatxes_4,346935.9055980742,4549162.916705608,1
mastegatatxes_4,367020.2526231391,4557435.723359312,1
mastegatatxes_4,393408.6899417257,4565300.278501941,2
mastegatatxes_4,393844.63351699617,4565131.512237403,1
mastegatatxes_4,395408.6649379969,4577300.152562125,1
mastegatatxes_4,405408.5626557198,4569300.2400488295,2
mastegatatxes_4,348409.14441048756,4609299.7988927895,2
mastegatatxes_4,334457.69032801146,4609358.97840909,1
mastegatatxes_4,362026.99472636764,4600140.933282197,1
mastegatatxes_4,325322.0186035085,4672660.368411364,1
mastegatatxes_4,316789.2849457287,4701508.615620941,1
mastegatatxes_4,338544.0310418652,4687052.627969011,2
mastegatatxes_4,437408.2093246734,4658299.3184161885,1
mastegatatxes_4,430408.2772939004,4675299.141808877,1
mastegatatxes_4,433750.5207881453,4670737.307372405,2
mastegatatxes_4,433570.72501125635,4669895.2930024825,2
mastegatatxes_4,420408.3802512477,4673299.16010693,1
mastegatatxes_4,510343.89620651223,4658697.138056544,1
mastegatatxes_4,510845.0142336557,4659211.183978131,2
mastegatatxes_4,510848.8180955285,4659211.6339369565,1
mastegatatxes_4,507819.5866730072,4674256.110850439,1
mastegatatxes_4,521539.3824218804,4684943.577718524,1
mastegatatxes_4,521407.347788934,4685299.045501599,4
mastegatatxes_4,520407.3583910327,4684299.056157003,3
mastegatatxes_4,518731.0020311465,4677616.051059207,4
mastegatatxes_4,500407.56235953636,4689299.0059013795,0
mastegatatxes_4,501009.82274647156,4700589.992922323,4
mastegatatxes_4,505407.51026947465,4628299.634213762,1
mastegatatxes_4,466407.9121293943,4647299.435208147,2
mastegatatxes_4,425485.22787937423,4619406.810736293,0
mastegatatxes_4,426231.40730292164,4582152.80521182,2
mastegatatxes_4,428739.97722168604,4578715.870606947,1
mastegatatxes_4,429015.23017737066,4578855.288030645,2
mastegatatxes_4,429609.8181939849,4579252.925743608,2
mastegatatxes_4,429445.30697145406,4579515.137412079,0
mastegatatxes_4,423482.59322009963,4578987.162143773,1
mastegatatxes_4,312568.70368730265,4503915.414438001,5
mastegatatxes_4,313130.5645852947,4512664.80440957,3
mastegatatxes_4,309596.1153980689,4504843.619997722,1
mastegatatxes_4,345538.5792389539,4551522.715379163,0
mastegatatxes_4,393408.6899417257,4565300.278501941,3
mastegatatxes_4,403780.4958734397,4625612.651818501,1
mastegatatxes_4,382557.70760187524,4709600.495021236,1
mastegatatxes_4,434359.2404388166,4658573.314216239,2
mastegatatxes_4,492180.7315716908,4694002.88406561,2
mastegatatxes_4,508667.38206375006,4676561.771344602,1
mastegatatxes_4,505407.5108242441,4673299.168871762,2
mastegatatxes_4,508544.54398014944,4671924.584454358,3
mastegatatxes_4,524267.5556690694,4684060.86502445,1
mastegatatxes_4,512623.02513788687,4686212.982321717,1
mastegatatxes_4,519094.1837955216,4678435.486053072,2
mastegatatxes_4,509773.6952797167,4681479.4480358,1
mastegatatxes_4,509555.5298856049,4680033.700604955,1
mastegatatxes_4,504619.40690416645,4629001.771606574,1
mastegatatxes_4,484128.7697350424,4648213.260723027,2
mastegatatxes_4,444021.16617168294,4643035.972153172,1
mastegatatxes_4,440828.17744971067,4637265.536122749,1
mastegatatxes_4,441210.1715324958,4649884.405307642,1
mastegatatxes_4,440688.2945093235,4649642.969523415,1
mastegatatxes_4,449769.6652376043,4608913.700085954,1
mastegatatxes_4,422408.37380566035,4609299.823087186,1
mastegatatxes_4,421968.41980165103,4598587.373731894,2
mastegatatxes_4,428218.12079054175,4596904.2302312935,1
mastegatatxes_4,458952.41251731233,4620138.5444747135,2
mastegatatxes_4,476494.15011898126,4617964.854259119,1
mastegatatxes_4,431782.16552040854,4582765.982382045,1
mastegatatxes_4,428197.6003446536,4579818.852252539,1
mastegatatxes_4,312181.9196917049,4502923.293173645,4
mastegatatxes_4,312409.5776305202,4503300.904971509,3
mastegatatxes_4,303429.26206663216,4503350.090965346,1
mastegatatxes_4,402471.6914644763,4573537.327447149,1
mastegatatxes_4,415190.34553946246,4579758.870867417,1
mastegatatxes_4,369904.43569842697,4618882.019311404,1
mastegatatxes_4,369408.92229653854,4619299.703472251,1
mastegatatxes_4,368408.9311660939,4622299.671127876,2
mastegatatxes_4,368776.2098019378,4622695.387471199,2
mastegatatxes_4,397214.1814210892,4631967.739094649,1
mastegatatxes_4,337827.4985343388,4639900.630206942,1
mastegatatxes_4,378882.13087043306,4707521.50376605,1
mastegatatxes_4,378342.6680695752,4707331.303122183,1
mastegatatxes_4,403370.1413980559,4696139.100944945,2
mastegatatxes_4,404119.5510779262,4657556.317942835,2
mastegatatxes_4,434359.2404388166,4658573.314216239,3
mastegatatxes_4,431197.0554811312,4675836.317993632,1
mastegatatxes_4,476210.0310445902,4671966.163965921,4
mastegatatxes_4,468407.88891749986,4674299.157877358,1
mastegatatxes_4,509233.5884307826,4672664.77413774,2
mastegatatxes_4,511511.3657207941,4687841.29493875,1
mastegatatxes_4,509216.3516183527,4681797.030593172,1
mastegatatxes_4,509682.18662168126,4680338.108321708,1
mastegatatxes_4,509506.33994809166,4680003.543545712,1
mastegatatxes_4,484566.3322150502,4648488.980142318,1
mastegatatxes_4,489409.90916975384,4632293.515528273,3
mastegatatxes_4,440828.17744971067,4637265.536122749,1
mastegatatxes_4,439108.63586995675,4643185.316041015,1
mastegatatxes_4,441210.1715324958,4649884.405307642,2
mastegatatxes_4,435900.34320501366,4641774.482491339,1
mastegatatxes_4,453605.5235522435,4604565.724365045,1
mastegatatxes_4,458910.09928904223,4620185.307884347,3
mastegatatxes_4,431782.16552040854,4582765.982382045,2
mastegatatxes_4,429171.7285519052,4578904.831105199,1
mastegatatxes_4,429172.8159411073,4578904.820485567,1
mastegatatxes_4,421408.39141332556,4579300.138118616,1
mastegatatxes_4,423632.4511094616,4573759.54190276,1
mastegatatxes_4,301390.70149720646,4493719.002192736,4
mastegatatxes_4,312007.8980161905,4503200.966915117,1
mastegatatxes_4,311935.38806643256,4503384.428764585,2
mastegatatxes_4,305125.70311206824,4503454.93540117,1
mastegatatxes_4,308878.9555212306,4501331.1723649325,1
mastegatatxes_4,343409.2233797064,4550300.41794414,3
mastegatatxes_4,346769.4589689161,4549607.275944633,0
mastegatatxes_4,383408.78524507326,4594299.969989313,1
mastegatatxes_4,414594.6184347774,4599083.456658535,3
mastegatatxes_4,372484.59626984334,4690720.764547567,2
mastegatatxes_4,434359.2404388166,4658573.314216239,2
mastegatatxes_4,435064.3412477283,4674460.570814948,1
mastegatatxes_4,458985.96971567505,4671319.457863396,2
mastegatatxes_4,461407.9605499794,4672299.177088612,4
mastegatatxes_4,507692.3051611972,4674418.9874279,1
mastegatatxes_4,508042.4656324742,4673418.081205733,2
mastegatatxes_4,507979.9378760018,4673893.787250969,1
mastegatatxes_4,511407.44987170375,4691298.984676006,5
mastegatatxes_4,513711.42681261885,4685694.041777634,6
mastegatatxes_4,503637.2429574802,4628334.835886155,1
mastegatatxes_4,504619.40690416645,4629001.771606574,1
mastegatatxes_4,490196.66771691886,4631978.595461622,1
mastegatatxes_4,486597.7047360983,4634704.5672396775,2
mastegatatxes_4,440828.17744971067,4637265.536122749,2
mastegatatxes_4,438851.59442835546,4636852.307303906,2
mastegatatxes_4,439075.92057428387,4641244.453937975,1
mastegatatxes_4,438896.1957530333,4646136.444343042,5
mastegatatxes_4,440408.18054083013,4645299.45257829,6
mastegatatxes_4,441210.1715324958,4649884.405307642,3
mastegatatxes_4,435540.1879685802,4645993.075167778,3
mastegatatxes_4,431191.2814593794,4648270.443174479,1
mastegatatxes_4,455391.92132918007,4614668.695161473,16
mastegatatxes_4,430408.2906528397,4610299.814623549,1
mastegatatxes_4,421311.97247545404,4600006.051506364,3
mastegatatxes_4,423418.75706758874,4597918.117742691,1
mastegatatxes_4,427889.0803240984,4597403.584129454,1
mastegatatxes_4,433408.26121606794,4601299.90998808,4
mastegatatxes_4,433408.26266817417,4595299.972439735,1
mastegatatxes_4,450257.1126908418,4601585.492969225,1
mastegatatxes_4,453429.00236514414,4604850.870133667,1
mastegatatxes_4,453786.1245835633,4604485.289196117,1
mastegatatxes_4,458906.4894549509,4620179.444133475,1
mastegatatxes_4,432693.88668090175,4589647.6042483235,3
mastegatatxes_4,434363.4471061735,4584231.707347987,1
mastegatatxes_4,429054.8200443976,4578989.961403917,3
mastegatatxes_4,429260.6867965833,4579042.459879535,1
mastegatatxes_4,421439.061742909,4574189.448838694,1
mastegatatxes_4,421660.3905801407,4570531.231106391,6
mastegatatxes_4,420254.91527661844,4573592.256271751,2
mastegatatxes_4,313130.5645852947,4512664.80440957,2
mastegatatxes_4,311409.5366286591,4596299.916082154,1
mastegatatxes_4,320680.63225279265,4550581.128637801,1
mastegatatxes_4,342850.5130601564,4549422.902072842,2
mastegatatxes_4,343409.2245833873,4549300.428854075,1
mastegatatxes_4,370408.9351117061,4558300.344836256,1
mastegatatxes_4,409825.1560199075,4576723.31805389,1
mastegatatxes_4,416299.0034748991,4626849.578696013,1
mastegatatxes_4,316903.97110561834,4614976.56326023,1
mastegatatxes_4,310409.546617288,4597299.9049752,1
mastegatatxes_4,405094.78640308965,4693623.170184755,1
mastegatatxes_4,342513.1197078661,4660107.325176318,3
mastegatatxes_4,424739.28699334525,4659328.557543266,1
mastegatatxes_4,434359.2404388166,4658573.314216239,2
mastegatatxes_4,437408.20932925894,4656299.33911565,5
mastegatatxes_4,438513.3534063884,4654774.148639176,4
mastegatatxes_4,437965.93558855855,4655390.305705028,1
mastegatatxes_4,508426.50460098893,4672818.285479628,1
mastegatatxes_4,507996.11706165684,4673383.275026388,1
mastegatatxes_4,508383.48034930497,4673485.166740952,3
mastegatatxes_4,521480.89933105215,4685338.687169382,1
mastegatatxes_4,513407.4299192449,4686299.035588371,2
mastegatatxes_4,509316.07058317243,4681576.314294935,2
mastegatatxes_4,505407.51026947465,4628299.634213762,1
mastegatatxes_4,504407.5207139492,4628299.634109716,1
mastegatatxes_4,504619.40690416645,4629001.771606574,1
mastegatatxes_4,484877.76253087365,4649169.106409953,1
mastegatatxes_4,483656.11028756324,4648256.708104169,12
mastegatatxes_4,451036.0466828784,4647351.056081858,1
mastegatatxes_4,440828.17744971067,4637265.536122749,1
mastegatatxes_4,438851.59442835546,4636852.307303906,1
mastegatatxes_4,441408.1705767318,4641299.494561463,2
mastegatatxes_4,441025.54255645553,4641887.451892092,1
mastegatatxes_4,439408.1912675671,4644299.462799247,4
mastegatatxes_4,441210.1715324958,4649884.405307642,1
mastegatatxes_4,441408.17602416384,4611299.806871568,1
mastegatatxes_4,425408.34014056803,4620299.709631175,1
mastegatatxes_4,446408.1242347902,4608299.8387511745,1
mastegatatxes_4,431996.36906021636,4583905.714459685,1
mastegatatxes_4,429445.30697145406,4579515.137412079,6
mastegatatxes_4,425057.9107553453,4579046.212662069,1
mastegatatxes_4,317380.0784694863,4510571.692188811,0
mastegatatxes_4,414915.2675404691,4569618.359457441,2
mastegatatxes_4,414285.32759491506,4570989.141911223,2
mastegatatxes_4,377951.172272576,4649431.848483149,2
mastegatatxes_4,363408.98100017884,4628299.607555989,1
mastegatatxes_4,329434.51203628624,4616210.6543047195,1
mastegatatxes_4,378914.50120383856,4707015.213901715,3
mastegatatxes_4,379498.05626453104,4707335.764785745,1
mastegatatxes_4,340564.7307550375,4687488.101839813,1
mastegatatxes_4,440408.17930185434,4650299.401479536,2
mastegatatxes_4,441701.1652181678,4654063.362448832,1
mastegatatxes_4,433408.2473636992,4672299.172673317,5
mastegatatxes_4,453408.0414347912,4679299.104335367,1
mastegatatxes_4,495869.3767566206,4694338.559789051,8
mastegatatxes_4,468762.6759315623,4674489.449022004,2
mastegatatxes_4,508265.89974619343,4672859.732474665,2
mastegatatxes_4,523586.135974577,4685140.546597735,7
mastegatatxes_4,510029.56737933395,4679719.134906712,1
mastegatatxes_4,508126.51482297474,4689354.855268455,1
mastegatatxes_4,494292.98316085956,4632457.022313995,1
mastegatatxes_4,486143.4027491049,4635818.984960803,1
mastegatatxes_4,440828.17744971067,4637265.536122749,1
mastegatatxes_4,441408.1705767318,4641299.494561463,1
mastegatatxes_4,438072.6528307818,4642898.4200532865,1
mastegatatxes_4,441210.1715324958,4649884.405307642,2
mastegatatxes_4,422024.25003835576,4642906.249758905,2
mastegatatxes_4,434258.88797556725,4642075.318782691,1
mastegatatxes_4,437408.21312809584,4635299.55558616,1
mastegatatxes_4,436865.218860937,4634439.564109588,1
mastegatatxes_4,455955.58647170407,4614860.540280391,1
mastegatatxes_4,431408.2830684002,4597299.951469907,1
mastegatatxes_4,431399.32174679305,4597301.98310023,1
mastegatatxes_4,436883.7028317992,4599680.827928717,1
mastegatatxes_4,445408.13536148955,4606299.859754681,3
mastegatatxes_4,467743.3403486225,4619249.734010905,1
mastegatatxes_4,473869.484438588,4617591.800255136,1
mastegatatxes_4,474938.52260524995,4614877.09490596,1
mastegatatxes_4,470407.8744230693,4611299.810617984,1
mastegatatxes_4,480407.76987026044,4611299.811007722,1
mastegatatxes_4,481455.18314531835,4610951.670650198,1
mastegatatxes_4,435491.5320377314,4588622.489944019,1
mastegatatxes_4,432693.88668090175,4589647.6042483235,3
mastegatatxes_4,424511.0289450109,4585798.673821367,1
mastegatatxes_4,434258.4340491984,4584293.503386716,1
mastegatatxes_4,416916.08433873026,4569630.466222817,1
mastegatatxes_4,421586.0435113375,4570272.759029533,1
mastegatatxes_4,421557.6216070793,4570301.156079997,1
mastegatatxes_4,317113.1960992381,4510806.594413455,0
mastegatatxes_4,323192.17846618145,4566998.47402453,1
mastegatatxes_4,320409.45794885803,4567300.226096298,1
mastegatatxes_4,345538.5792389539,4551522.715379163,4
mastegatatxes_4,392408.7000112069,4566300.267321725,1
mastegatatxes_4,391408.70809668355,4575300.17241342,1
mastegatatxes_4,403408.57595635694,4596299.95473396,2
mastegatatxes_4,341689.6462053235,4643605.310394344,1
mastegatatxes_4,329354.33885508205,4616517.714011036,0
mastegatatxes_4,329068.1399942975,4616490.117267581,1
mastegatatxes_4,326452.86048666656,4665498.620188691,5
mastegatatxes_4,327409.3331467773,4669299.167787235,1
mastegatatxes_4,404119.5510779262,4657556.317942835,2
mastegatatxes_4,437811.55493346753,4655396.43491472,3
mastegatatxes_4,439015.1937386363,4651455.388753675,1
mastegatatxes_4,438408.19900110847,4656299.338791194,2
mastegatatxes_4,454408.03389993665,4663299.269286245,1
mastegatatxes_4,442335.27787450375,4658358.283829951,1
mastegatatxes_4,441139.8538709014,4675503.999291187,1
mastegatatxes_4,440408.1729648287,4689299.000501665,1
mastegatatxes_4,448303.99046448193,4679572.199911615,1
mastegatatxes_4,448408.09268253954,4679299.104135061,2
mastegatatxes_4,448078.07921803,4679058.949091341,1
mastegatatxes_4,480407.76675177563,4670299.199517685,1
mastegatatxes_4,470166.8727921723,4654896.357210446,1
mastegatatxes_4,516223.6409469564,4650386.942380741,2
mastegatatxes_4,507754.7653800101,4673387.110993633,8
mastegatatxes_4,508132.48304658895,4673326.169247445,1
mastegatatxes_4,523295.6648510567,4678760.042141769,1
mastegatatxes_4,509968.36406953295,4681761.083586617,1
mastegatatxes_4,509067.473402302,4681819.081403016,1
mastegatatxes_4,509143.72493403906,4681729.537585259,1
mastegatatxes_4,508196.7389543452,4680489.90475663,1
mastegatatxes_4,504619.40690416645,4629001.771606574,1
mastegatatxes_4,446249.2433004546,4643437.289068007,2
mastegatatxes_4,441210.1715324958,4649884.405307642,2
mastegatatxes_4,436961.19459004124,4642769.329389277,1
mastegatatxes_4,433408.25831674115,4616299.753072591,1
mastegatatxes_4,431257.30993004213,4586442.589585502,1
mastegatatxes_4,435917.2381570786,4585629.074382769,1
mastegatatxes_4,429054.8200443976,4578989.961403917,4
mastegatatxes_4,420254.91527661844,4573592.256271751,3
mastegatatxes_4,426878.23532369826,4572710.644996127,1
mastegatatxes_4,311978.53074747435,4503444.54569625,3
mastegatatxes_4,305454.85482034745,4503424.5353981415,2
mastegatatxes_4,342850.5130601564,4549422.902072842,2
mastegatatxes_4,392058.7055186547,4564444.498102632,1
mastegatatxes_4,414307.9738407632,4570757.482739901,1
mastegatatxes_4,357023.06558160065,4577898.148194129,2
mastegatatxes_4,347409.1610592809,4595299.945189684,1
mastegatatxes_4,401379.84333932714,4620174.668342411,1
mastegatatxes_4,404119.5510779262,4657556.317942835,1
mastegatatxes_4,434359.2404388166,4658573.314216239,1
mastegatatxes_4,437859.06540173077,4653095.2867176505,3
mastegatatxes_4,437436.45645986265,4652920.566575435,2
mastegatatxes_4,439015.1937386363,4651455.388753675,1
mastegatatxes_4,439408.18961210066,4651299.390776951,1
mastegatatxes_4,439408.19022027304,4650299.400871021,1
mastegatatxes_4,510576.3408345058,4656304.886061559,1
mastegatatxes_4,511407.44997082325,4690298.994599202,1
mastegatatxes_4,513711.42681261885,4685694.041777634,1
mastegatatxes_4,501434.56588098407,4689846.901769053,1
mastegatatxes_4,449812.70125609176,4631649.731618661,1
mastegatatxes_4,424737.3850123453,4619660.136202292,0
mastegatatxes_4,452987.19077602687,4599323.211795692,2
mastegatatxes_4,432693.88668090175,4589647.6042483235,3
mastegatatxes_4,432292.93641714647,4582123.583090827,1
mastegatatxes_4,428738.9516351418,4578713.660109888,1
mastegatatxes_4,429076.3518853992,4578972.047284793,3
mastegatatxes_4,429236.4681537553,4578972.5927210655,2
mastegatatxes_4,424432.7667858842,4574140.21484442,1
mastegatatxes_4,424812.87137677695,4571127.794331116,1
mastegatatxes_4,311913.58295153006,4503719.899915372,1
mastegatatxes_4,312443.7431725412,4512314.769649899,1
mastegatatxes_4,309673.4046171983,4510173.165237525,1
mastegatatxes_4,323409.4393364936,4542300.493819134,1
mastegatatxes_4,393408.6899417257,4565300.278501941,4
mastegatatxes_4,393000.69512639154,4563106.301472698,1
mastegatatxes_4,393298.7448381372,4563281.390289942,1
mastegatatxes_4,388408.73770546995,4579300.128771492,2
mastegatatxes_4,414291.97176402865,4570991.506306468,2
mastegatatxes_4,414376.25841423834,4570773.888387022,1
mastegatatxes_4,397918.678581521,4578361.428386494,2
mastegatatxes_4,354115.65038160887,4595713.000919174,1
mastegatatxes_4,344409.1858355012,4610299.786591475,1
mastegatatxes_4,404590.5141127951,4614380.350486961,1
mastegatatxes_4,404119.5510779262,4657556.317942835,2
mastegatatxes_4,434359.2404388166,4658573.314216239,3
mastegatatxes_4,508132.48304658895,4673326.169247445,3
mastegatatxes_4,512407.4399856186,4687299.025202067,4
mastegatatxes_4,513711.42681261885,4685694.041777634,3
mastegatatxes_4,434408.2500368998,4606299.857599987,1
mastegatatxes_4,432693.88668090175,4589647.6042483235,2
mastegatatxes_4,430777.38136521925,4585282.420731897,2
mastegatatxes_4,429676.04431881744,4580057.506526623,1
mastegatatxes_4,429278.6268341906,4579015.260556552,1
mastegatatxes_4,429198.5411837285,4579029.254383524,1
mastegatatxes_4,424464.5318169639,4575905.084245787,1
mastegatatxes_4,425257.526699143,4575911.639744494,1
mastegatatxes_4,311953.2441183194,4503411.415261001,3
mastegatatxes_4,343409.2245833873,4549300.428854075,1
mastegatatxes_4,340409.25190350774,4558300.331579271,1
mastegatatxes_4,414284.57787067984,4570989.483848129,2
mastegatatxes_4,387379.359165226,4582539.078769156,1
mastegatatxes_4,415776.8375552472,4600440.555904454,2
mastegatatxes_4,382686.84001548274,4712332.292293079,1
mastegatatxes_4,407328.5648435517,4656021.750307003,1
mastegatatxes_4,434359.2404388166,4658573.314216239,3
mastegatatxes_4,521117.0069235594,4679311.78800118,1
mastegatatxes_4,441210.1715324958,4649884.405307642,1
mastegatatxes_4,418736.41779176553,4615094.286482851,1
mastegatatxes_4,432693.88668090175,4589647.6042483235,2
mastegatatxes_4,422869.81196033367,4580753.678956191,1
mastegatatxes_4,346769.4589689161,4549607.275944633,5
mastegatatxes_4,340409.2512973795,4559300.320993684,1
mastegatatxes_4,414278.2477413805,4570992.445330043,1
mastegatatxes_4,361236.53051250696,4608088.466697624,1
mastegatatxes_4,397376.5918827085,4656519.346862555,1
mastegatatxes_4,434359.2404388166,4658573.314216239,1
mastegatatxes_4,513723.798309532,4685736.37610024,1
mastegatatxes_4,518407.3781053765,4679299.107502296,2
mastegatatxes_4,429054.8200443976,4578989.961403917,1
mastegatatxes_4,429260.6867965833,4579042.459879535,2
mastegatatxes_4,421660.3905801407,4570531.231106391,2
mastegatatxes_4,400056.2814982716,4594000.170368308,1
mastegatatxes_4,362383.9778977972,4574304.629235137,1
mastegatatxes_4,434359.2404388166,4658573.314216239,3
mastegatatxes_4,441210.1715324958,4649884.405307642,1
mastegatatxes_4,451930.91459759313,4616657.600635636,1
mastegatatxes_4,421229.02865642187,4593037.4050223,1
mastegatatxes_4,311916.6379900952,4503365.574275891,1
mastegatatxes_4,311913.58295153006,4503719.899915372,2
mastegatatxes_4,316335.4156504744,4508372.8680787515,2
mastegatatxes_4,305409.6525532633,4503300.900875153,2
mastegatatxes_4,397408.6531249205,4547300.470630077,1
mastegatatxes_4,393826.72965090163,4564937.902024822,1
mastegatatxes_4,393870.28220526426,4565196.759371158,1
mastegatatxes_4,407810.4551597462,4568292.586859414,1
mastegatatxes_4,343351.5607470259,4598434.330044579,0
mastegatatxes_4,328409.2915526549,4731298.536797814,1
mastegatatxes_4,523586.135974577,4685140.546597735,9
mastegatatxes_4,510086.462873385,4679779.10274529,1
mastegatatxes_5,424408.3578815546,4589300.033936969,1
mastegatatxes_5,426714.33249681845,4572937.673696586,1
mastegatatxes_5,420254.91527661844,4573592.256271751,2
mastegatatxes_5,310321.7754823371,4501922.2030716045,2
mastegatatxes_5,312409.5776305202,4503300.904971509,30
mastegatatxes_5,366408.9774143476,4557300.353667837,1
mastegatatxes_5,387408.738550935,4610299.803023103,1
mastegatatxes_5,341205.7573963965,4631886.041973696,1
mastegatatxes_5,495407.6130900018,4702298.8725053845,1
mastegatatxes_5,508508.4792775893,4676645.13459608,0
mastegatatxes_5,508158.8049199812,4673028.488846161,1
mastegatatxes_5,508132.48304658895,4673326.169247445,0
mastegatatxes_5,518057.0677515765,4676754.784282039,1
mastegatatxes_5,523586.135974577,4685140.546597735,0
mastegatatxes_5,513711.42681261885,4685694.041777634,1
mastegatatxes_5,513768.8629591012,4685613.770108416,6
mastegatatxes_5,515407.40900305705,4679299.107558881,1
mastegatatxes_5,509601.41258431406,4686316.319100817,1
mastegatatxes_5,509010.0174389409,4689053.0434160605,1
mastegatatxes_5,507407.4905530835,4691298.984788115,1
mastegatatxes_5,516060.770421521,4648280.802194659,3
mastegatatxes_5,441210.1715324958,4649884.405307642,1
mastegatatxes_5,437617.29007741174,4641662.427926136,3
mastegatatxes_5,480712.62072503817,4611321.145613102,1
mastegatatxes_5,429054.8200443976,4578989.961403917,8
mastegatatxes_5,429445.30697145406,4579515.137412079,3
mastegatatxes_5,426213.4526907987,4572875.469534202,1
mastegatatxes_5,315982.18934986304,4508488.921716742,3
mastegatatxes_5,388533.3023594704,4566976.384215799,2
mastegatatxes_5,385505.61975156923,4568399.1674689045,1
mastegatatxes_5,350417.5911741047,4584084.385667583,1
mastegatatxes_5,401379.84333932714,4620174.668342411,1
mastegatatxes_5,403780.4958734397,4625612.651818501,1
mastegatatxes_5,409864.43123116763,4696372.26539565,1
mastegatatxes_5,373408.85413453303,4690298.971935842,6
mastegatatxes_5,508407.479909626,4673299.169301422,1
mastegatatxes_5,519350.5514912627,4683847.046987412,1
mastegatatxes_5,508390.8227861804,4682809.706794964,1
mastegatatxes_5,483577.22870437347,4648027.764782945,1
mastegatatxes_5,425634.9480135312,4583475.239569285,1
mastegatatxes_5,429445.30697145406,4579515.137412079,3
mastegatatxes_5,283547.14256769244,4501872.667994208,2
mastegatatxes_5,283481.10612848436,4503400.295404214,1
mastegatatxes_5,282014.9423009537,4590905.668584191,1
mastegatatxes_5,416417.3832704216,4700708.579511172,1
mastegatatxes_5,402418.71891270264,4691203.90012771,1
mastegatatxes_5,397838.4297747513,4691566.451934741,1
mastegatatxes_5,372287.4517855171,4690379.147532545,0
mastegatatxes_5,404119.5510779262,4657556.317942835,1
mastegatatxes_5,518407.3785239142,4680299.097106471,1
mastegatatxes_5,519407.3679188347,4679299.107151232,3
mastegatatxes_5,504407.5212461304,4689299.0051858695,1
mastegatatxes_5,426408.3404163828,4573300.202281524,4
mastegatatxes_5,426511.3390707285,4572743.208064836,3
mastegatatxes_5,417402.6292620092,4569581.951459309,4
mastegatatxes_5,312487.6339585787,4502878.358642996,1
mastegatatxes_5,310801.31251745636,4502232.469438195,2
mastegatatxes_5,311955.80210037157,4503422.237028427,8
mastegatatxes_5,311913.58295153006,4503719.899915372,1
mastegatatxes_5,318582.43137886433,4510311.499785842,1
mastegatatxes_5,318799.74999167764,4510237.091740161,1
mastegatatxes_5,292413.6786508636,4596939.902333648,1
mastegatatxes_5,342985.5419818864,4549021.465042291,1
mastegatatxes_5,342850.5130601564,4549422.902072842,2
mastegatatxes_5,480595.12486238446,4611780.431744886,1
mastegatatxes_5,342985.5419818864,4549021.465042291,1
mastegatatxes_5,393408.6899417257,4565300.278501941,2
mastegatatxes_5,372287.4517855171,4690379.147532545,3
mastegatatxes_5,438196.57509255793,4654781.348182339,1
mastegatatxes_5,418634.70176157693,4700625.854921782,4
mastegatatxes_5,418418.608532137,4609718.881148338,1
mastegatatxes_5,457818.8506803038,4606762.181457525,1
mastegatatxes_5,432693.88668090175,4589647.6042483235,5
mastegatatxes_5,421022.7004939055,4592708.646648252,1
mastegatatxes_5,429054.8200443976,4578989.961403917,3
mastegatatxes_5,429377.4303063819,4579291.202904537,4
mastegatatxes_5,429260.6867965833,4579042.459879535,1
mastegatatxes_5,426714.33249681845,4572937.673696586,1
mastegatatxes_5,312409.5776305202,4503300.904971509,8
mastegatatxes_5,311913.58295153006,4503719.899915372,0
mastegatatxes_5,306337.41558098595,4518079.019197128,1
mastegatatxes_5,307655.62105787743,4516677.758088902,1
mastegatatxes_5,273409.98792962893,4515300.75236975,1
mastegatatxes_5,415022.6853397288,4569607.349564044,1
mastegatatxes_5,497127.4775589508,4669204.932991763,1
mastegatatxes_5,508508.4792775893,4676645.13459608,1
mastegatatxes_5,504407.5212461304,4689299.0051858695,1
mastegatatxes_5,485432.71585291,4649096.418769981,3
mastegatatxes_5,426714.33249681845,4572937.673696586,1
mastegatatxes_5,421692.3905420611,4570449.231817338,1
mastegatatxes_5,270202.46188699256,4504679.7928186525,1
mastegatatxes_5,312486.6667675263,4502900.3781261165,1
mastegatatxes_5,311527.5875114489,4502643.910946125,3
mastegatatxes_5,310758.3509869429,4502249.893038801,1
mastegatatxes_5,311918.9847980615,4503374.735076907,5
mastegatatxes_5,311950.055814863,4503502.698249535,1
mastegatatxes_5,311949.6195489252,4503495.488646867,1
mastegatatxes_5,317015.2769327018,4505747.501987642,0
mastegatatxes_5,318303.51307817036,4506227.876352582,1
mastegatatxes_5,316061.2275469897,4506935.764724346,1
mastegatatxes_5,305642.85992027225,4503966.346081098,2
mastegatatxes_5,305125.1024671042,4503457.839573327,1
mastegatatxes_5,271410.0077457633,4517300.729343891,2
mastegatatxes_5,270410.0187279554,4516300.738888623,1
mastegatatxes_5,346769.4589689161,4549607.275944633,2
mastegatatxes_5,345538.5792389539,4551522.715379163,1
mastegatatxes_5,401700.73941048933,4569716.558223388,2
mastegatatxes_5,414919.04890906205,4569627.325494577,2
mastegatatxes_5,371828.79269630514,4689335.64161707,3
mastegatatxes_5,494407.6234157016,4693298.964020858,2
mastegatatxes_5,512003.6807039863,4657155.657669226,1
mastegatatxes_5,505578.5095190479,4675036.151314599,2
mastegatatxes_5,508508.4792775893,4676645.13459608,2
mastegatatxes_5,507748.22442239826,4674301.464513467,1
mastegatatxes_5,505008.33504022897,4628418.165512936,1
mastegatatxes_5,420254.91527661844,4573592.256271751,1
mastegatatxes_5,308642.5658350836,4595367.924804539,1
mastegatatxes_5,310409.5650355964,4564300.252820181,1
mastegatatxes_5,340409.2512973795,4559300.320993684,1
mastegatatxes_5,389610.7993422329,4566810.617270206,1
mastegatatxes_5,376155.62498937163,4627264.549321921,2
mastegatatxes_5,328258.57301623945,4651195.634911102,1
mastegatatxes_5,483154.7577013194,4680586.141538343,2
mastegatatxes_5,497586.2109588788,4670158.643206969,1
mastegatatxes_5,508508.4792775893,4676645.13459608,0
mastegatatxes_5,508096.08059949486,4673030.779213107,1
mastegatatxes_5,508220.0490884003,4673176.824814109,1
mastegatatxes_5,508132.48304658895,4673326.169247445,2
mastegatatxes_5,507543.9341110071,4673409.568163755,1
mastegatatxes_5,509067.473402302,4681819.081403016,2
mastegatatxes_5,503601.27025704586,4680866.916857628,1
mastegatatxes_5,429054.8200443976,4578989.961403917,3
mastegatatxes_5,345538.5792389539,4551522.715379163,1
mastegatatxes_5,521599.77964159695,4679266.065699324,7
mastegatatxes_5,385408.77306264034,4568300.243929038,1
mastegatatxes_5,509246.29946036974,4665193.274161192,5
mastegatatxes_5,508436.2802642428,4672789.095493065,1
mastegatatxes_5,517129.3910312239,4679045.110155646,1
mastegatatxes_5,414283.91319428134,4570989.935815234,1
mastegatatxes_5,473855.28125737165,4632392.024296373,1
mastegatatxes_5,424464.5318169639,4575905.084245787,1
mastegatatxes_5,329409.3594853801,4575300.1465044,2
mastegatatxes_5,349064.6666494472,4553886.337796466,1
mastegatatxes_5,414285.01748222206,4570984.149092576,1
mastegatatxes_5,444258.48659703217,4625884.629257702,1
mastegatatxes_5,439365.20045693096,4593659.990412618,1
mastegatatxes_5,307335.432398885,4516604.067469079,1
mastegatatxes_5,346769.4589689161,4549607.275944633,3
mastegatatxes_5,408960.7996466359,4571237.406451472,1
mastegatatxes_5,408514.2214149,4621880.772224059,1
mastegatatxes_5,328265.05460475164,4616153.36503504,2
mastegatatxes_5,329409.3388212709,4616299.716227876,1
mastegatatxes_5,436408.2195749403,4657299.328558696,1
mastegatatxes_5,408960.7996466359,4571237.406451472,1
mastegatatxes_5,392408.6781857894,4635299.54518946,1
mastegatatxes_5,426511.3390707285,4572743.208064836,1
mastegatatxes_5,429609.8181939849,4579252.925743608,1
mastegatatxes_5,461407.9675239756,4613299.787822369,0
mastegatatxes_5,472994.2681015968,4617809.213361645,1
mastegatatxes_5,432408.2658655646,4631299.595908341,1
mastegatatxes_5,418634.70176157693,4700625.854921782,1
mastegatatxes_5,474226.04292509914,4682357.18074609,2
mastegatatxes_5,510066.0838631696,4679212.648668185,1
mastegatatxes_5,510189.11497458577,4678930.156166731,1
mastegatatxes_5,343374.7521659606,4598433.603972084,2
mastegatatxes_6,387149.33707708516,4690788.105765033,1
mastegatatxes_6,385505.61975156923,4568399.1674689045,1
mastegatatxes_6,424769.7163820788,4582443.533949536,1
mastegatatxes_6,326787.0703903935,4682426.525529526,1
mastegatatxes_6,408732.2339630834,4653568.531736213,1
mastegatatxes_6,508220.0490884003,4673176.824814109,1
